{
  "preset_info": {
    "title": "BlackCircle",
    "description": "Kinda shit Tbh",
    "author": "Scrambo",
    "email": "",
    "archive": "kfile:////",
    "version": 9,
    "width": 540,
    "height": 960
  },
  "preset_root": {
    "internal_type": "RootLayerModule",
    "background_type": "IMAGE",
    "background_color": "#FF2473A1",
    "globals_list": {
      "font": {
        "index": 1,
        "type": "FONT",
        "title": "Font",
        "value": "kfile://org.kustom.provider/fonts/RobotoSlab-Regular.ttf"
      },
      "notif": {
        "index": 2,
        "type": "SWITCH",
        "title": "Notif",
        "value": 0
      }
    },
    "background_bitmap": "kfile://org.kustom.provider/bitmaps/IMG4d5cb8d77d19146704d3a6a3b3c102e",
    "viewgroup_items": [
      {
        "internal_type": "TextModule",
        "internal_toggles": {
          "text_align": 10,
          "text_family": 100
        },
        "internal_formulas": {
          "text_align": "$if(si(screen)\u003d1, RIGHT, if(si(screen)\u003d2, Center, LEFT))$"
        },
        "internal_globals": {
          "text_family": "font"
        },
        "internal_animations": [
          {
            "type": "SCROLL",
            "speed": 60.0
          }
        ],
        "position_offset_y": 80.0,
        "text_expression": "$wi(cond)$\n$wi(temp)$°",
        "text_size": 40.0,
        "text_width": 300.0
      },
      {
        "internal_type": "TextModule",
        "internal_toggles": {
          "text_family": 100,
          "text_align": 11
        },
        "internal_formulas": {
          "text_align": "$if(si(screen)\u003d1, RIGHT, LEFT)$"
        },
        "internal_globals": {
          "text_family": "font"
        },
        "position_offset_x": 0.0,
        "position_offset_y": 180.0,
        "text_expression": "$df(EEEE)$, $df(MMMM)$ $df(d)$",
        "text_size": 45.0,
        "text_width": 560.0,
        "text_lines": 1.0,
        "internal_animations": [
          {
            "type": "SCROLL",
            "rule": "AFTER_CENTER",
            "speed": 250.0
          },
          {
            "type": "SCROLL",
            "rule": "UP_TO_CENTER",
            "speed": 30.0
          }
        ]
      },
      {
        "internal_type": "TextModule",
        "internal_toggles": {
          "text_family": 100,
          "text_align": 11
        },
        "internal_formulas": {
          "text_align": "$if(si(screen)\u003d1, RIGHT, LEFT)$"
        },
        "internal_globals": {
          "text_family": "font"
        },
        "position_offset_x": 0.0,
        "position_offset_y": 240.0,
        "text_expression": "$df(h:mm)$",
        "text_size": 80.0,
        "text_width": 560.0,
        "text_lines": 1.0,
        "internal_animations": [
          {
            "type": "SCROLL",
            "speed": 65.0
          }
        ]
      },
      {
        "internal_type": "FontIconModule",
        "internal_animations": [
          {
            "type": "SCROLL",
            "speed": 123.0,
            "action": "SCROLL"
          }
        ],
        "internal_events": [
          {
            "action": "LAUNCH_SHORTCUT",
            "intent": "intent:#Intent;action\u003dcom.teslacoilsw.launcher.ACTION;launchFlags\u003d0x10000000;component\u003dcom.teslacoilsw.launcher/.NovaShortcutHandler;S.LAUNCHER_ACTION\u003dAPP_DRAWER;S.org.kustom.intent.label\u003dNova%20Action;end"
          }
        ],
        "position_anchor": "CENTER",
        "icon_size": 80.0,
        "icon_set": "kfile://org.kustom.provider/icons/material.ttf",
        "icon_icon": "whatshot",
        "paint_color": "#FF343434",
        "internal_toggles": {
          "paint_color": 0
        },
        "internal_formulas": {
          "paint_color": "$bp(muted, mi(cover))$"
        }
      },
      {
        "internal_type": "FontIconModule",
        "internal_toggles": {
          "icon_icon": 10
        },
        "internal_formulas": {
          "icon_icon": "$if(si(screen)\u003d1,Calendar,if(si(screen)\u003d2,Home,Music))$"
        },
        "internal_animations": [
          {
            "type": "SCROLL",
            "speed": 60.0
          },
          {
            "type": "SCROLL",
            "angle": 88.0,
            "speed": 60.0,
            "rule": "AFTER_CENTER"
          },
          {
            "type": "SCROLL",
            "rule": "BEFORE_CENTER",
            "angle": 272.0,
            "speed": 60.0
          }
        ],
        "position_anchor": "CENTER",
        "position_offset_y": 220.0,
        "icon_set": "kfile://org.kustom.provider/icons/entypo.ttf",
        "icon_icon": "chevron-left"
      },
      {
        "internal_type": "OverlapLayerModule",
        "internal_title": "Badge",
        "internal_animations": [
          {
            "type": "SCROLL",
            "action": "SCALE",
            "amount": 100,
            "speed": 500
          }
        ],
        "internal_events": [
          {
            "action": "LAUNCH_SHORTCUT",
            "intent": "intent:#Intent;action\u003dcom.teslacoilsw.launcher.ACTION;launchFlags\u003d0x10000000;component\u003dcom.teslacoilsw.launcher/.NovaShortcutHandler;S.LAUNCHER_ACTION\u003dEXPAND_STATUS_BAR;S.org.kustom.intent.label\u003dNova%20Action;end"
          }
        ],
        "position_anchor": "CENTER",
        "position_offset_x": 60.0,
        "position_offset_y": -40.0,
        "viewgroup_items": [
          {
            "internal_type": "ShapeModule",
            "position_offset_x": 60.0,
            "position_offset_y": -40.0,
            "shape_type": "CIRCLE",
            "shape_width": 60.0,
            "paint_color": "#FFD94C4C",
            "internal_toggles": {
              "paint_color": 10
            },
            "internal_formulas": {
              "paint_color": "$bp(muted, mi(cover))$"
            }
          },
          {
            "internal_type": "TextModule",
            "internal_toggles": {
              "text_family": 100,
              "paint_color": 0
            },
            "internal_globals": {
              "text_family": "font"
            },
            "text_expression": "$ni(count)$",
            "text_size": 35.0,
            "internal_formulas": {
              "paint_color": "$bp(vibrant, mi(cover))$"
            },
            "text_align": "CENTER"
          }
        ]
      },
      {
        "internal_type": "ShapeModule",
        "position_anchor": "CENTER",
        "position_offset_y": 260.0,
        "shape_type": "ARC",
        "shape_width": 650.0,
        "shape_height": 5.0,
        "shape_angle": 120.0,
        "shape_rotate_mode": "DEG180",
        "internal_animations": [
          {
            "type": "SCROLL",
            "action": "ROTATE",
            "anchor": "SCREEN_CENTER",
            "amount": 25.0,
            "speed": 40.0
          },
          {
            "type": "SCROLL",
            "speed": 125.0
          }
        ]
      },
      {
        "internal_type": "StackLayerModule",
        "position_anchor": "CENTER",
        "position_offset_x": 100.0,
        "internal_animations": [
          {
            "type": "SCROLL",
            "action": "SCROLL",
            "speed": 140,
            "amount": 100,
            "rule": "CENTER",
            "center": "LAST"
          }
        ],
        "position_offset_y": 60.0,
        "internal_title": "Music Info",
        "viewgroup_items": [
          {
            "internal_type": "TextModule",
            "internal_toggles": {
              "text_family": 100
            },
            "internal_globals": {
              "text_family": "font"
            },
            "text_expression": "$mi(title)$",
            "text_size": 35.0,
            "text_size_type": "FIXED_WIDTH",
            "text_width": 400.0,
            "text_lines": 3.0
          },
          {
            "internal_type": "TextModule",
            "internal_toggles": {
              "text_family": 100
            },
            "internal_globals": {
              "text_family": "font"
            },
            "text_expression": "$mi(artist)$",
            "text_size": 40.0,
            "position_padding_top": 25.0,
            "position_padding_bottom": 25.0,
            "text_size_type": "FIXED_WIDTH",
            "text_width": 400.0,
            "text_lines": 2.0
          },
          {
            "internal_type": "TextModule",
            "internal_toggles": {
              "text_family": 100,
              "text_size_type": 0
            },
            "internal_globals": {
              "text_family": "font"
            },
            "text_expression": "$mi(album)$",
            "text_size": 40.0,
            "position_padding_left": 0.0,
            "text_size_type": "FIXED_WIDTH",
            "text_width": 400.0,
            "text_lines": 2.0
          },
          {
            "internal_type": "StackLayerModule",
            "config_stacking": "HORIZONTAL_CENTER",
            "position_padding_top": 25.0,
            "viewgroup_items": [
              {
                "internal_type": "FontIconModule",
                "internal_events": [
                  {
                    "action": "MUSIC",
                    "music_action": "PREVIOUS"
                  }
                ],
                "position_padding_left": 25.0,
                "position_padding_right": 25.0,
                "icon_set": "kfile://org.kustom.provider/icons/entypo.ttf",
                "icon_icon": "chevron-left"
              },
              {
                "internal_type": "FontIconModule",
                "internal_events": [
                  {
                    "action": "MUSIC"
                  }
                ],
                "position_padding_left": 25.0,
                "position_padding_right": 25.0,
                "icon_set": "kfile://org.kustom.provider/icons/entypo.ttf",
                "icon_icon": "controller-play",
                "internal_toggles": {
                  "icon_icon": 10
                },
                "internal_formulas": {
                  "icon_icon": "$if(mi(state)\u003dPLAYING, Controller-paus, Controller-play)$"
                }
              },
              {
                "internal_type": "FontIconModule",
                "internal_events": [
                  {
                    "action": "MUSIC",
                    "music_action": "NEXT"
                  }
                ],
                "position_padding_left": 25.0,
                "position_padding_right": 25.0,
                "icon_set": "kfile://org.kustom.provider/icons/entypo.ttf",
                "icon_icon": "chevron-right"
              }
            ]
          }
        ]
      },
      {
        "internal_type": "OverlapLayerModule",
        "internal_animations": [
          {
            "type": "SCROLL",
            "action": "SCROLL_INVERTED",
            "anchor": "SCREEN_CENTER",
            "amount": 6,
            "angle": 90.0,
            "speed": 150.0
          }
        ],
        "position_offset_x": 100.0,
        "position_offset_y": -500.0,
        "internal_title": "Album",
        "internal_events": [
          {
            "action": "LAUNCH_APP",
            "intent": "intent:#Intent;action\u003dandroid.intent.action.MAIN;category\u003dandroid.intent.category.LAUNCHER;component\u003dgonemad.gmmp/.activities.MainActivity;S.org.kustom.intent.label\u003dGoneMAD%20Music%20Player;end"
          }
        ],
        "viewgroup_items": [
          {
            "internal_type": "ShapeModule",
            "internal_toggles": {
              "fx_gradient_bitmap": 10
            },
            "internal_formulas": {
              "fx_gradient_bitmap": "$mi(cover)$"
            },
            "position_offset_x": 100.0,
            "position_offset_y": -400.0,
            "shape_type": "CIRCLE",
            "shape_width": 420.0,
            "fx_gradient": "BITMAP"
          }
        ]
      },
      {
        "internal_type": "OverlapLayerModule",
        "internal_title": "Agenda",
        "internal_animations": [
          {
            "type": "SCROLL",
            "center": "FIRST",
            "speed": 140
          }
        ],
        "position_anchor": "CENTERLEFT",
        "position_offset_x": 0.0,
        "position_offset_y": 0.0,
        "viewgroup_items": [
          {
            "internal_type": "StackLayerModule",
            "position_padding_right": 0.0,
            "config_stacking": "VERTICAL_RIGHT",
            "viewgroup_items": [
              {
                "internal_type": "TextModule",
                "internal_toggles": {
                  "text_family": 100
                },
                "internal_globals": {
                  "text_family": "font"
                },
                "text_expression": "$ci(title, 0)$\n$df(EEE hh:mm, ci(start, 0))$-$df(hh:mm, ci(end, 0))$ ",
                "text_size_type": "FIXED_WIDTH",
                "text_size": 30.0,
                "text_width": 450.0,
                "text_align": "RIGHT"
              },
              {
                "internal_type": "TextModule",
                "internal_toggles": {
                  "text_family": 100
                },
                "internal_globals": {
                  "text_family": "font"
                },
                "text_expression": "    $ci(title, 1)$\n$df(EEE hh:mm, ci(start, 1))$-$df(hh:mm, ci(end, 1))$ ",
                "text_size": 30.0,
                "text_align": "RIGHT",
                "text_size_type": "FIXED_WIDTH",
                "text_width": 450.0
              },
              {
                "internal_type": "TextModule",
                "internal_toggles": {
                  "text_family": 100
                },
                "internal_globals": {
                  "text_family": "font"
                },
                "text_expression": "    $ci(title, 2)$\n$df(EEE hh:mm, ci(start, 2))$-$df(hh:mm, ci(end, 2))$ ",
                "text_size": 30.0,
                "text_align": "RIGHT",
                "text_size_type": "FIXED_WIDTH",
                "text_width": 450.0
              },
              {
                "internal_type": "TextModule",
                "internal_toggles": {
                  "text_family": 100
                },
                "internal_globals": {
                  "text_family": "font"
                },
                "text_expression": "    $ci(title, 3)$\n$df(EEE hh:mm, ci(start,3))$-$df(hh:mm, ci(end, 3))$ ",
                "text_size": 30.0,
                "text_align": "RIGHT",
                "text_size_type": "FIXED_WIDTH",
                "text_width": 450.0
              },
              {
                "internal_type": "TextModule",
                "internal_toggles": {
                  "text_family": 100
                },
                "internal_globals": {
                  "text_family": "font"
                },
                "text_expression": "    $ci(title, 4)$\n$df(EEE hh:mm, ci(start, 4))$-$df(hh:mm, ci(end, 4))$ ",
                "text_size": 30.0,
                "text_align": "RIGHT",
                "text_size_type": "FIXED_WIDTH",
                "text_width": 450.0
              }
            ]
          }
        ]
      }
    ]
  }
}