{
  "preset_info": {
    "title": "Red-Zen Mobile",
    "description": "",
    "author": "Scrambo",
    "email": "",
    "archive": "kfile:////",
    "version": 7
  },
  "preset_root": {
    "background_type": "IMAGE",
    "internal_type": "RootLayerModule",
    "background_color": "#FF5A5858",
    "background_bitmap": "kfile://org.kustom.provider/bitmaps/IMGc30b4ba4afbdbce5f903593941f7f837",
    "background_scroll": "NONE",
    "background_blur": 0.0,
    "viewgroup_items": [
      {
        "internal_type": "ShapeModule",
        "position_offset_x": 0.0,
        "position_offset_y": 110.0,
        "shape_type": "RECT",
        "shape_width": 680.0,
        "shape_height": 5.0,
        "paint_color": "#FF563842",
        "paint_stroke": 2.0
      },
      {
        "internal_type": "ShapeModule",
        "position_offset_y": 877.0,
        "shape_type": "RECT",
        "shape_width": 750.0,
        "shape_height": 15.0,
        "paint_color": "#00000000",
        "fx_gradient": "VERTICAL",
        "fx_gradient_offset": 75.0
      },
      {
        "internal_type": "ShapeModule",
        "internal_toggles": {
          "_type": 0
        },
        "position_offset_y": 890.0,
        "shape_type": "RECT",
        "shape_width": 740.0,
        "shape_height": 390.0,
        "shape_corners": 4.0,
        "paint_color": "#FF563842",
        "paint_stroke": 66.0,
        "fx_gradient_bitmap": "kfile://org.kustom.provider/bitmaps/IMG5e7f803e65aeb52675469e02157b84a6"
      },
      {
        "internal_type": "TextModule",
        "position_offset_x": 0.0,
        "position_offset_y": 20.0,
        "text_expression": "$df(hh:mm)$ | $df(EEEE M/dd)$",
        "text_size": 65.0,
        "paint_color": "#FF563842"
      },
      {
        "internal_type": "TextModule",
        "position_offset_x": 280.0,
        "position_offset_y": 130.0,
        "text_expression": "$bi(level)$%",
        "text_size": 60.0,
        "text_align": "RIGHT",
        "text_family": "kfile://org.kustom.provider/fonts/RobotoSlab-Regular.ttf",
        "paint_color": "#FF563842",
        "paint_stroke": 2.0
      }
    ]
  }
}