{
  "preset_info": {
    "title": "Material",
    "description": "",
    "author": "Scrambo",
    "email": "houghstler@gmail.com",
    "archive": "kfile:////",
    "version": 9,
    "width": 540,
    "height": 960
  },
  "preset_root": {
    "background_type": "SOLID",
    "internal_type": "RootLayerModule",
    "background_color": "#FFFFFFFF",
    "background_bitmap": "kfile://org.kustom.provider/bitmaps/IMG467803b3b7410761aa2dd0faa38e6c71",
    "background_blur": 0.0,
    "position_padding_left": 0.0,
    "position_padding_right": 0.0,
    "config_visible": "ALWAYS",
    "viewgroup_items": [
      {
        "internal_type": "ShapeModule",
        "shape_type": "RECT",
        "shape_width": 720.0,
        "shape_height": 290.0,
        "fx_shadow": "OUTER",
        "fx_shadow_direction": 270.0,
        "fx_shadow_distance": 2.0,
        "fx_shadow_blur": 100,
        "paint_color": "#FF1E88E5",
        "fx_shadow_color": "#84000000",
        "internal_title": "BG"
      },
      {
        "internal_type": "StackLayerModule",
        "internal_title": "Icons",
        "position_anchor": "TOPRIGHT",
        "config_stacking": "HORIZONTAL_CENTER",
        "position_offset_x": 20.0,
        "position_offset_y": 0.0,
        "viewgroup_items": [
          {
            "internal_type": "FontIconModule",
            "internal_toggles": {
              "paint_color": 100
            },
            "internal_globals": {
              "paint_color": "sttcdrk"
            },
            "position_padding_right": 25.0,
            "position_padding_top": 50.0,
            "icon_size": 45.0,
            "icon_icon": "search",
            "internal_events": [
              {
                "action": "LAUNCH_APP",
                "intent": "intent:#Intent;action\u003dandroid.intent.action.MAIN;category\u003dandroid.intent.category.LAUNCHER;component\u003dcom.google.android.googlequicksearchbox/.SearchActivity;S.org.kustom.intent.label\u003dGoogle;end"
              }
            ]
          },
          {
            "internal_type": "FontIconModule",
            "internal_toggles": {
              "paint_color": 100
            },
            "internal_globals": {
              "paint_color": "sttcdrk"
            },
            "position_padding_right": 0.0,
            "position_padding_top": 50.0,
            "icon_size": 45.0,
            "icon_icon": "more_vert",
            "internal_events": [
              {
                "action": "LAUNCH_ACTIVITY",
                "intent": "intent:#Intent;component\u003dcom.android.settings/.Settings;S.org.kustom.intent.label\u003dSettings;end"
              }
            ]
          }
        ]
      },
      {
        "internal_type": "ShapeModule",
        "internal_title": "Slider",
        "position_padding_bottom": 0.0,
        "position_anchor": "TOPLEFT",
        "shape_type": "RECT",
        "shape_width": 235.0,
        "shape_height": 5.0,
        "internal_animations": [
          {
            "type": "SCROLL",
            "center": "FIRST",
            "action": "SCROLL_INVERTED",
            "limit": 0.0,
            "speed": 67.0,
            "rule": "CENTER"
          }
        ],
        "position_offset_y": 286.0
      },
      {
        "internal_type": "StackLayerModule",
        "internal_title": "Tabs",
        "position_padding_right": 0.0,
        "position_padding_bottom": 0.0,
        "config_stacking": "HORIZONTAL_CENTER",
        "position_offset_y": 200.0,
        "viewgroup_items": [
          {
            "internal_type": "FontIconModule",
            "position_padding_left": 100.0,
            "position_padding_right": 75.0,
            "icon_size": 60.0,
            "icon_icon": "home"
          },
          {
            "internal_type": "FontIconModule",
            "position_padding_left": 100.0,
            "position_padding_right": 100.0,
            "icon_size": 60.0,
            "icon_icon": "graphic_eq"
          },
          {
            "internal_type": "FontIconModule",
            "position_padding_left": 75.0,
            "position_padding_right": 100.0,
            "icon_size": 60.0,
            "icon_icon": "settings_system_daydream"
          }
        ]
      }
    ]
  }
}