{
  "preset_info": {
    "title": "MaterialCards",
    "description": "a never going to be finished WIP",
    "author": "Scrambo",
    "email": "",
    "archive": "kfile:////",
    "version": 9,
    "width": 540,
    "height": 960
  },
  "preset_root": {
    "internal_type": "RootLayerModule",
    "background_type": "SOLID",
    "background_color": "#FFFFFFFF",
    "globals_list": {
      "color": {
        "index": 1,
        "type": "COLOR",
        "title": "Color",
        "value": "#FF43A047"
      },
      "accent": {
        "index": 2,
        "type": "COLOR",
        "title": "Accent",
        "value": "#FFFBC02D"
      },
      "font": {
        "index": 3,
        "type": "FONT",
        "title": "Font",
        "value": "kfile://org.kustom.provider/fonts/Roboto-Regular.ttf"
      },
      "dshadow": {
        "index": 4,
        "type": "COLOR",
        "title": "DShadow",
        "value": "#A9000000"
      },
      "drawer": {
        "index": 5,
        "type": "SWITCH",
        "title": "Drawer",
        "value": 0
      }
    },
    "viewgroup_items": [
      {
        "internal_type": "StackLayerModule",
        "internal_title": "Home Cards",
        "internal_animations": [
          {
            "type": "SCROLL",
            "center": "FIRST",
            "speed": 200.0
          }
        ],
        "position_anchor": "CENTER",
        "position_offset_y": 50.0,
        "config_stacking": "VERTICAL_CENTER",
        "viewgroup_items": [
          {
            "internal_type": "OverlapLayerModule",
            "internal_title": "weather",
            "internal_events": [
              {
                "action": "KUSTOM_ACTION",
                "kustom_action": "WEATHER_UPDATE"
              }
            ],
            "viewgroup_items": [
              {
                "internal_type": "ShapeModule",
                "internal_toggles": {
                  "fx_shadow_color": 100
                },
                "internal_globals": {
                  "fx_shadow_color": "dshadow"
                },
                "position_padding_left": 25.0,
                "position_padding_right": 25.0,
                "position_padding_top": 25.0,
                "position_padding_bottom": 25.0,
                "shape_type": "RECT",
                "shape_width": 650.0,
                "shape_height": 220.0,
                "shape_corners": 2.0,
                "fx_shadow": "OUTER",
                "fx_shadow_color": "#C8000000",
                "fx_shadow_direction": 270.0,
                "fx_shadow_distance": 1.0,
                "fx_shadow_blur": 20.0
              },
              {
                "internal_type": "FontIconModule",
                "position_padding_left": 50.0,
                "position_padding_top": 50.0,
                "position_anchor": "TOPLEFT",
                "icon_size": 70.0,
                "icon_icon": "battery_std",
                "paint_color": "#FF000000"
              },
              {
                "internal_type": "TextModule",
                "internal_title": "Battery",
                "position_padding_left": 125.0,
                "position_padding_top": 52.0,
                "text_expression": "$bi(level)$%",
                "text_size": 60.0,
                "paint_color": "#FF000000",
                "internal_toggles": {
                  "text_family": 100
                },
                "internal_globals": {
                  "text_family": "font"
                },
                "position_padding_right": 0.0,
                "position_anchor": "TOPLEFT"
              },
              {
                "internal_type": "FontIconModule",
                "position_padding_left": 50.0,
                "position_padding_top": 75.0,
                "position_anchor": "CENTERLEFT",
                "icon_size": 60.0,
                "icon_set": "kfile://org.kustom.provider/icons/fontawesome.ttf",
                "icon_icon": "sun-o",
                "paint_color": "#FF000000"
              },
              {
                "internal_type": "TextModule",
                "internal_title": "Weather",
                "position_padding_left": 125.0,
                "position_padding_top": 75.0,
                "text_expression": "$wi(temp)$°, $wi(cond)$   $wf(min, 0)$ / $wf(max, 0)$",
                "text_size": 60.0,
                "paint_color": "#FF000000",
                "internal_toggles": {
                  "text_family": 100
                },
                "internal_globals": {
                  "text_family": "font"
                },
                "position_anchor": "CENTERLEFT"
              }
            ]
          },
          {
            "internal_type": "OverlapLayerModule",
            "internal_title": "Agenda",
            "viewgroup_items": [
              {
                "internal_type": "ShapeModule",
                "position_padding_left": 25.0,
                "position_padding_right": 25.0,
                "position_padding_top": 25.0,
                "position_padding_bottom": 25.0,
                "shape_type": "RECT",
                "shape_width": 650.0,
                "shape_height": 550.0,
                "shape_corners": 2.0,
                "fx_shadow": "OUTER",
                "fx_shadow_color": "#C8000000",
                "fx_shadow_direction": 270.0,
                "fx_shadow_distance": 1.0,
                "fx_shadow_blur": 20.0,
                "internal_toggles": {
                  "fx_shadow_color": 100
                },
                "internal_globals": {
                  "fx_shadow_color": "dshadow"
                }
              },
              {
                "internal_type": "OverlapLayerModule",
                "internal_title": "Today",
                "position_padding_left": 0.0,
                "position_padding_right": 25.0,
                "position_padding_top": 50.0,
                "position_padding_bottom": 25.0,
                "position_anchor": "TOPLEFT",
                "viewgroup_items": [
                  {
                    "internal_type": "TextModule",
                    "position_padding_left": 50.0,
                    "position_padding_top": 0.0,
                    "text_expression": "Today: $df(EEEE)$, $df(MMMM)$ $df(dd)$",
                    "text_size": 40.0,
                    "paint_color": "#FF000000",
                    "internal_toggles": {
                      "text_family": 100
                    },
                    "internal_globals": {
                      "text_family": "font"
                    },
                    "position_padding_bottom": 0.0,
                    "internal_title": "Title",
                    "internal_events": [
                      {
                        "action": "LAUNCH_APP",
                        "intent": "intent:#Intent;action\u003dandroid.intent.action.MAIN;category\u003dandroid.intent.category.LAUNCHER;component\u003dcom.underwood.calendar_beta/com.android.calendar.AllInOneActivity;S.org.kustom.intent.label\u003dToday%20Calendar;end"
                      }
                    ],
                    "position_anchor": "TOPLEFT"
                  },
                  {
                    "internal_type": "ShapeModule",
                    "position_padding_left": 45.0,
                    "position_padding_right": 0.0,
                    "position_padding_top": 50.0,
                    "shape_type": "RECT",
                    "shape_width": 550.0,
                    "shape_height": 2.0,
                    "paint_color": "#FF000000",
                    "internal_title": "Line",
                    "position_anchor": "TOPLEFT"
                  },
                  {
                    "internal_type": "TextModule",
                    "internal_toggles": {
                      "text_family": 100,
                      "paint_color": 0
                    },
                    "internal_globals": {
                      "text_family": "font"
                    },
                    "position_padding_left": 75.0,
                    "position_padding_top": 70.0,
                    "position_padding_bottom": 0.0,
                    "text_expression": "$ci(title, e0, e0d)$",
                    "paint_color": "#FF000000",
                    "position_anchor": "TOPLEFT",
                    "text_size": 30.0
                  },
                  {
                    "internal_type": "TextModule",
                    "internal_toggles": {
                      "text_family": 100,
                      "paint_color": 0
                    },
                    "internal_globals": {
                      "text_family": "font"
                    },
                    "position_padding_left": 75.0,
                    "position_padding_top": 115.0,
                    "position_padding_bottom": 0.0,
                    "text_expression": "$ci(title, e1, e0d)$",
                    "paint_color": "#FF000000",
                    "position_anchor": "TOPLEFT",
                    "text_size": 30.0
                  },
                  {
                    "internal_type": "TextModule",
                    "internal_toggles": {
                      "text_family": 100,
                      "paint_color": 0
                    },
                    "internal_globals": {
                      "text_family": "font"
                    },
                    "position_padding_left": 75.0,
                    "position_padding_top": 160.0,
                    "position_padding_bottom": 0.0,
                    "text_expression": "$ci(title, e2, e0d)$",
                    "paint_color": "#FF000000",
                    "position_anchor": "TOPLEFT",
                    "text_size": 30.0
                  }
                ]
              },
              {
                "internal_type": "OverlapLayerModule",
                "internal_title": "Nxt2weeks",
                "position_padding_left": 0.0,
                "position_padding_top": 100.0,
                "position_padding_bottom": 75.0,
                "position_anchor": "CENTERLEFT",
                "viewgroup_items": [
                  {
                    "internal_type": "TextModule",
                    "position_padding_left": 50.0,
                    "position_padding_top": 0.0,
                    "position_padding_bottom": 50.0,
                    "text_expression": "Next 2 Weeks: ",
                    "text_size": 40.0,
                    "paint_color": "#FF000000",
                    "internal_toggles": {
                      "text_family": 100
                    },
                    "internal_globals": {
                      "text_family": "font"
                    },
                    "internal_title": "Title",
                    "internal_events": [
                      {
                        "action": "LAUNCH_APP",
                        "intent": "intent:#Intent;action\u003dandroid.intent.action.MAIN;category\u003dandroid.intent.category.LAUNCHER;component\u003dcom.underwood.calendar_beta/com.android.calendar.AllInOneActivity;S.org.kustom.intent.label\u003dToday%20Calendar;end"
                      }
                    ],
                    "position_anchor": "CENTERLEFT"
                  },
                  {
                    "internal_type": "ShapeModule",
                    "position_padding_left": 45.0,
                    "position_padding_right": 0.0,
                    "position_padding_top": 5.0,
                    "shape_type": "RECT",
                    "shape_width": 550.0,
                    "shape_height": 2.0,
                    "paint_color": "#FF000000",
                    "internal_title": "Line",
                    "position_anchor": "CENTERLEFT"
                  },
                  {
                    "internal_type": "TextModule",
                    "internal_toggles": {
                      "text_family": 100,
                      "paint_color": 0
                    },
                    "internal_globals": {
                      "text_family": "font"
                    },
                    "position_padding_left": 75.0,
                    "position_padding_top": 75.0,
                    "position_padding_bottom": 0.0,
                    "text_expression": "$ci(title, e3)$",
                    "paint_color": "#FF000000",
                    "text_size": 30.0,
                    "position_anchor": "CENTERLEFT"
                  },
                  {
                    "internal_type": "TextModule",
                    "internal_toggles": {
                      "text_family": 100,
                      "paint_color": 0
                    },
                    "internal_globals": {
                      "text_family": "font"
                    },
                    "position_padding_left": 75.0,
                    "position_padding_top": 155.0,
                    "position_padding_bottom": 0.0,
                    "text_expression": "$ci(title, e4)$",
                    "paint_color": "#FF000000",
                    "text_size": 30.0,
                    "position_anchor": "CENTERLEFT"
                  },
                  {
                    "internal_type": "TextModule",
                    "internal_toggles": {
                      "text_family": 100,
                      "paint_color": 0
                    },
                    "internal_globals": {
                      "text_family": "font"
                    },
                    "position_padding_left": 75.0,
                    "position_padding_top": 235.0,
                    "position_padding_bottom": 0.0,
                    "text_expression": "$ci(title, e5)$",
                    "paint_color": "#FF000000",
                    "text_size": 30.0,
                    "position_anchor": "CENTERLEFT"
                  },
                  {
                    "internal_type": "TextModule",
                    "internal_toggles": {
                      "text_family": 100,
                      "paint_color": 0
                    },
                    "internal_globals": {
                      "text_family": "font"
                    },
                    "position_padding_left": 75.0,
                    "position_padding_top": 340.0,
                    "position_padding_bottom": 25.0,
                    "text_expression": "$ci(title, e6)$",
                    "paint_color": "#FF000000",
                    "text_size": 30.0,
                    "position_anchor": "CENTERLEFT"
                  },
                  {
                    "internal_type": "TextModule",
                    "internal_toggles": {
                      "text_family": 100,
                      "paint_color": 0
                    },
                    "internal_globals": {
                      "text_family": "font"
                    },
                    "position_padding_left": 75.0,
                    "position_padding_top": 395.0,
                    "position_padding_bottom": 0.0,
                    "text_expression": "$ci(title, e7)$",
                    "paint_color": "#FF000000",
                    "text_size": 30.0,
                    "position_anchor": "CENTERLEFT"
                  }
                ]
              }
            ]
          }
        ]
      },
      {
        "internal_type": "StackLayerModule",
        "internal_title": "Media",
        "internal_animations": [
          {
            "type": "SCROLL",
            "center": "SCREEN2",
            "speed": 200.0
          }
        ],
        "position_anchor": "CENTER",
        "position_offset_y": 50.0,
        "viewgroup_items": [
          {
            "internal_type": "OverlapLayerModule",
            "internal_title": "Music",
            "viewgroup_items": [
              {
                "internal_type": "ShapeModule",
                "position_padding_left": 25.0,
                "position_padding_right": 25.0,
                "position_padding_top": 25.0,
                "position_padding_bottom": 25.0,
                "shape_type": "RECT",
                "shape_width": 650.0,
                "shape_height": 800.0,
                "shape_corners": 2.0,
                "fx_shadow": "OUTER",
                "fx_shadow_color": "#C8000000",
                "fx_shadow_direction": 270.0,
                "fx_shadow_distance": 1.0,
                "fx_shadow_blur": 20.0,
                "internal_toggles": {
                  "fx_shadow_color": 100
                },
                "internal_globals": {
                  "fx_shadow_color": "dshadow"
                }
              },
              {
                "internal_type": "ShapeModule",
                "internal_toggles": {
                  "paint_color": 0,
                  "fx_gradient": 0,
                  "fx_gradient_bitmap": 10
                },
                "internal_formulas": {
                  "fx_gradient": "$mi(cover)$",
                  "paint_color": "$mi(cover)$",
                  "fx_gradient_bitmap": "$mi(cover)$"
                },
                "internal_globals": {
                  "paint_color": "dshadow"
                },
                "position_padding_top": 41.0,
                "shape_type": "RECT",
                "shape_width": 650.0,
                "shape_height": 560.0,
                "fx_gradient": "BITMAP"
              },
              {
                "internal_type": "ShapeModule",
                "internal_title": "Title",
                "internal_toggles": {
                  "paint_color": 100
                },
                "internal_globals": {
                  "paint_color": "color"
                },
                "position_padding_top": 25.0,
                "position_anchor": "TOP",
                "shape_type": "RECT",
                "shape_width": 650.0,
                "shape_height": 140.0,
                "shape_corners": 2.0
              },
              {
                "internal_type": "TextModule",
                "internal_title": "SongInfo",
                "internal_toggles": {
                  "text_family": 100
                },
                "position_padding_left": 50.0,
                "position_padding_top": 50.0,
                "position_anchor": "TOPLEFT",
                "text_expression": "$mi(title)$\n$mi(album)$\n$mi(artist)$",
                "text_size_type": "FIXED_WIDTH",
                "text_size": 30.0,
                "text_width": 640.0
              },
              {
                "internal_type": "ShapeModule",
                "internal_title": "BottomBar",
                "internal_toggles": {
                  "paint_color": 100
                },
                "internal_globals": {
                  "paint_color": "color"
                },
                "position_padding_top": 0.0,
                "position_anchor": "BOTTOM",
                "shape_type": "RECT",
                "shape_width": 650.0,
                "shape_height": 100.0,
                "shape_corners": 2.0,
                "position_padding_bottom": 25.0
              },
              {
                "internal_type": "FontIconModule",
                "internal_title": "Prev",
                "internal_events": [
                  {
                    "action": "MUSIC",
                    "music_action": "PREVIOUS"
                  }
                ],
                "position_padding_left": 100.0,
                "position_padding_bottom": 35.0,
                "position_anchor": "BOTTOMLEFT",
                "icon_icon": "navigate_before"
              },
              {
                "internal_type": "FontIconModule",
                "internal_title": "Play/Pause",
                "internal_toggles": {
                  "icon_icon": 10
                },
                "internal_formulas": {
                  "icon_icon": "$if(mi(state)\u003dplaying, Pause_circle_outline, Play_circle_outline)$"
                },
                "internal_events": [
                  {
                    "action": "MUSIC"
                  }
                ],
                "position_padding_bottom": 35.0,
                "position_anchor": "BOTTOM",
                "icon_icon": "play_circle_outline"
              },
              {
                "internal_type": "FontIconModule",
                "internal_title": "Next",
                "internal_events": [
                  {
                    "action": "MUSIC",
                    "music_action": "NEXT"
                  }
                ],
                "position_padding_right": 100.0,
                "position_padding_bottom": 35.0,
                "position_anchor": "BOTTOMRIGHT",
                "icon_icon": "navigate_next"
              }
            ]
          }
        ]
      },
      {
        "internal_type": "StackLayerModule",
        "internal_title": "Other",
        "internal_animations": [
          {
            "type": "SCROLL",
            "center": "SCREEN3",
            "speed": 200.0
          }
        ],
        "position_anchor": "CENTER",
        "position_offset_y": 50.0,
        "viewgroup_items": [
          {
            "internal_type": "OverlapLayerModule",
            "viewgroup_items": [
              {
                "internal_type": "ShapeModule",
                "position_padding_left": 25.0,
                "position_padding_right": 25.0,
                "position_padding_top": 25.0,
                "position_padding_bottom": 25.0,
                "shape_type": "RECT",
                "shape_width": 650.0,
                "shape_height": 550.0,
                "shape_corners": 2.0,
                "fx_shadow": "OUTER",
                "fx_shadow_color": "#C8000000",
                "fx_shadow_direction": 270.0,
                "fx_shadow_distance": 1.0,
                "fx_shadow_blur": 20.0,
                "internal_toggles": {
                  "fx_shadow_color": 100
                },
                "internal_globals": {
                  "fx_shadow_color": "dshadow"
                }
              }
            ]
          }
        ]
      },
      {
        "internal_type": "OverlapLayerModule",
        "internal_title": "Bar\u0026Shadow",
        "position_anchor": "TOPLEFT",
        "viewgroup_items": [
          {
            "internal_type": "ShapeModule",
            "internal_title": "Bar",
            "internal_toggles": {
              "paint_color": 100,
              "fx_shadow_color": 100
            },
            "internal_globals": {
              "paint_color": "color",
              "fx_shadow_color": "dshadow"
            },
            "shape_type": "RECT",
            "shape_width": 720.0,
            "shape_height": 240.0,
            "paint_color": "#FF43A047",
            "fx_shadow": "OUTER",
            "position_padding_bottom": 15.0,
            "fx_shadow_direction": 270.0,
            "fx_shadow_distance": 1.0,
            "fx_shadow_blur": 20.0
          },
          {
            "internal_type": "TextModule",
            "internal_title": "Title",
            "position_offset_x": 20.0,
            "position_offset_y": 40.0,
            "text_expression": "$if(si(screen)\u003d1,Home)$$if(si(screen)\u003d2,Media)$$if(si(screen)\u003d3,Other)$",
            "text_size": 40.0,
            "internal_toggles": {
              "text_family": 100
            },
            "internal_globals": {
              "text_family": "font"
            },
            "position_padding_left": 25.0,
            "position_padding_top": 50.0,
            "position_anchor": "TOPLEFT"
          },
          {
            "internal_type": "TextModule",
            "internal_title": "Time",
            "position_padding_left": 0.0,
            "position_padding_top": 30.0,
            "text_expression": "$df(h:mm)$",
            "text_size": 35.0,
            "internal_toggles": {
              "text_family": 100
            },
            "internal_globals": {
              "text_family": "font"
            },
            "position_padding_right": 0.0,
            "position_anchor": "TOP"
          }
        ]
      },
      {
        "internal_type": "StackLayerModule",
        "internal_title": "Buttons",
        "position_anchor": "TOPRIGHT",
        "position_offset_x": 0.0,
        "position_offset_y": 50.0,
        "config_stacking": "HORIZONTAL_CENTER",
        "viewgroup_items": [
          {
            "internal_type": "FontIconModule",
            "internal_title": "searchButton",
            "internal_events": [
              {
                "action": "LAUNCH_APP",
                "intent": "intent:#Intent;action\u003dandroid.intent.action.MAIN;category\u003dandroid.intent.category.LAUNCHER;component\u003dcom.google.android.googlequicksearchbox/.SearchActivity;S.org.kustom.intent.label\u003dGoogle;end"
              }
            ],
            "position_padding_left": 0.0,
            "position_padding_right": 25.0,
            "icon_size": 45.0,
            "icon_icon": "search"
          },
          {
            "internal_type": "FontIconModule",
            "internal_title": "SettingsButton",
            "internal_events": [
              {
                "action": "LAUNCH_ACTIVITY",
                "intent": "intent:#Intent;component\u003dcom.android.settings/.Settings;S.org.kustom.intent.label\u003dSettings;end"
              }
            ],
            "position_padding_left": 0.0,
            "position_padding_right": 25.0,
            "icon_size": 45.0,
            "icon_icon": "more_vert"
          }
        ]
      },
      {
        "internal_type": "StackLayerModule",
        "internal_title": "Tabs",
        "position_offset_y": 140.0,
        "config_scale_value": 100.0,
        "config_stacking": "HORIZONTAL_CENTER",
        "viewgroup_items": [
          {
            "internal_type": "FontIconModule",
            "internal_toggles": {
              "paint_color": 10
            },
            "internal_formulas": {
              "paint_color": "$if(si(screen)\u003d1, #FFFFFFFF, #88000000)$"
            },
            "position_padding_left": 100.0,
            "position_padding_right": 75.0,
            "icon_size": 60.0,
            "icon_icon": "home"
          },
          {
            "internal_type": "FontIconModule",
            "internal_toggles": {
              "paint_color": 10
            },
            "internal_formulas": {
              "paint_color": "$if(si(screen)\u003d2, #FFFFFFFF, #88000000)$"
            },
            "position_padding_left": 100.0,
            "position_padding_right": 100.0,
            "icon_size": 60.0,
            "icon_icon": "library_music",
            "paint_color": "#88000000"
          },
          {
            "internal_type": "FontIconModule",
            "internal_toggles": {
              "paint_color": 10
            },
            "internal_formulas": {
              "paint_color": "$if(si(screen)\u003d3, #FFFFFFFF, #88000000)$"
            },
            "position_padding_left": 100.0,
            "position_padding_right": 75.0,
            "icon_size": 60.0,
            "icon_icon": "settings_applications"
          }
        ]
      },
      {
        "internal_type": "ShapeModule",
        "internal_animations": [
          {
            "type": "SCROLL",
            "action": "SCROLL_INVERTED",
            "center": "FIRST",
            "speed": 66.0
          }
        ],
        "position_anchor": "TOPLEFT",
        "shape_type": "RECT",
        "internal_title": "Slider",
        "internal_toggles": {
          "paint_color": 100
        },
        "internal_globals": {
          "paint_color": "accent"
        },
        "position_offset_y": 236.0,
        "shape_width": 245.0,
        "shape_height": 5.0,
        "paint_color": "#FFFDD835"
      },
      {
        "internal_type": "StackLayerModule",
        "internal_title": "CommandCenter",
        "internal_animations": [
          {
            "type": "SWITCH",
            "trigger": "drawer",
            "limit": 300.0,
            "angle": 270.0
          }
        ],
        "position_anchor": "BOTTOM",
        "position_offset_y": -300.0,
        "config_stacking": "VERTICAL_CENTER",
        "viewgroup_items": [
          {
            "internal_type": "OverlapLayerModule",
            "internal_title": "InfoDrawer",
            "internal_animations": [
              {
                "type": "SWITCH",
                "trigger": "drawer",
                "action": "SCROLL",
                "angle": 270.0,
                "limit": 300.0
              }
            ],
            "viewgroup_items": [
              {
                "internal_type": "StackLayerModule",
                "internal_title": "Bar",
                "position_anchor": "BOTTOM",
                "config_stacking": "HORIZONTAL_CENTER",
                "viewgroup_items": [
                  {
                    "internal_type": "OverlapLayerModule",
                    "internal_title": "Right",
                    "internal_events": [
                      {
                        "action": "LAUNCH_APP",
                        "intent": "intent:#Intent;action\u003dandroid.intent.action.MAIN;category\u003dandroid.intent.category.LAUNCHER;component\u003dcom.textra/com.mplus.lib.Main_ff558b2f;S.org.kustom.intent.label\u003dTextra;end"
                      }
                    ],
                    "viewgroup_items": [
                      {
                        "internal_type": "ShapeModule",
                        "internal_title": "BRight",
                        "internal_toggles": {
                          "paint_color": 100,
                          "fx_shadow_color": 100
                        },
                        "internal_globals": {
                          "paint_color": "color",
                          "fx_shadow_color": "dshadow"
                        },
                        "shape_type": "RECT",
                        "shape_width": 360.0,
                        "shape_height": 100.0,
                        "fx_shadow_direction": 90.0,
                        "fx_shadow_distance": 1.0,
                        "fx_shadow_blur": 20.0,
                        "position_padding_right": 0.0
                      },
                      {
                        "internal_type": "BitmapModule",
                        "position_padding_left": 0.0,
                        "bitmap_bitmap": "kfile://org.kustom.provider/bitmaps/IMG93999bf6b5a377d36ef3857053ddf79e",
                        "position_padding_right": 25.0
                      }
                    ]
                  },
                  {
                    "internal_type": "OverlapLayerModule",
                    "internal_title": "Left",
                    "internal_events": [
                      {
                        "action": "LAUNCH_APP",
                        "intent": "intent:#Intent;action\u003dandroid.intent.action.MAIN;category\u003dandroid.intent.category.LAUNCHER;component\u003dorg.floens.chan/.ui.activity.BoardActivity;S.org.kustom.intent.label\u003dClover;end"
                      }
                    ],
                    "viewgroup_items": [
                      {
                        "internal_type": "ShapeModule",
                        "internal_title": "Bleft",
                        "internal_toggles": {
                          "paint_color": 100,
                          "fx_shadow_color": 100
                        },
                        "internal_globals": {
                          "paint_color": "color",
                          "fx_shadow_color": "dshadow"
                        },
                        "shape_type": "RECT",
                        "shape_width": 360.0,
                        "shape_height": 100.0,
                        "fx_shadow_direction": 90.0,
                        "fx_shadow_distance": 1.0,
                        "fx_shadow_blur": 20.0,
                        "position_padding_left": 0.0,
                        "position_padding_right": 0.0
                      },
                      {
                        "internal_type": "BitmapModule",
                        "position_padding_right": 0.0,
                        "bitmap_bitmap": "kfile://org.kustom.provider/bitmaps/IMG32c2c2f6aecbbe9dbd0d5f11928ae6de",
                        "position_padding_left": 25.0
                      }
                    ]
                  }
                ]
              },
              {
                "internal_type": "OverlapLayerModule",
                "internal_title": "Fab",
                "position_anchor": "BOTTOM",
                "position_offset_x": 0.0,
                "position_offset_y": 0.0,
                "internal_events": [
                  {
                    "action": "SWITCH_GLOBAL",
                    "switch": "drawer"
                  }
                ],
                "viewgroup_items": [
                  {
                    "internal_type": "ShapeModule",
                    "internal_toggles": {
                      "paint_color": 100,
                      "fx_shadow_color": 100
                    },
                    "internal_globals": {
                      "paint_color": "accent",
                      "fx_shadow_color": "dshadow"
                    },
                    "position_offset_x": 80.0,
                    "position_offset_y": 80.0,
                    "shape_type": "CIRCLE",
                    "shape_width": 120.0,
                    "position_padding_left": 25.0,
                    "position_padding_right": 25.0,
                    "position_padding_top": 25.0,
                    "position_padding_bottom": 25.0,
                    "fx_shadow": "OUTER",
                    "fx_shadow_color": "#A9000000",
                    "fx_shadow_direction": 270.0,
                    "fx_shadow_distance": 1,
                    "fx_shadow_blur": 20.0
                  },
                  {
                    "internal_type": "FontIconModule",
                    "position_padding_left": 0.0,
                    "position_padding_top": 0.0,
                    "position_padding_bottom": 5.0,
                    "icon_icon": "keyboard_arrow_up",
                    "internal_toggles": {
                      "icon_icon": 0
                    },
                    "internal_formulas": {
                      "icon_icon": "$if(gv(Drawer, 1),Circle,Circle-o)$"
                    },
                    "icon_size": 100.0
                  }
                ]
              }
            ]
          },
          {
            "internal_type": "OverlapLayerModule",
            "internal_title": "HoldingArea",
            "viewgroup_items": [
              {
                "internal_type": "ShapeModule",
                "shape_type": "RECT",
                "shape_width": 720.0,
                "shape_height": 300.0,
                "paint_color": "#FF3D3D3D"
              },
              {
                "internal_type": "StackLayerModule",
                "internal_title": "Apps",
                "viewgroup_items": [
                  {
                    "internal_type": "StackLayerModule",
                    "config_stacking": "HORIZONTAL_CENTER",
                    "viewgroup_items": [
                      {
                        "internal_type": "BitmapModule",
                        "internal_events": [
                          {
                            "action": "LAUNCH_APP",
                            "intent": "intent:#Intent;action\u003dandroid.intent.action.MAIN;category\u003dandroid.intent.category.LAUNCHER;component\u003dcom.androirc/.AndroIRC;S.org.kustom.intent.label\u003dAndroIRC;end"
                          }
                        ],
                        "bitmap_bitmap": "kfile://org.kustom.provider/bitmaps/IMG6e5d16e573a05bfbce28e9229ab36d09"
                      },
                      {
                        "internal_type": "BitmapModule",
                        "internal_events": [
                          {
                            "action": "LAUNCH_APP",
                            "intent": "intent:#Intent;action\u003dandroid.intent.action.MAIN;category\u003dandroid.intent.category.LAUNCHER;component\u003dcom.google.android.keep/.activities.BrowseActivity;S.org.kustom.intent.label\u003dKeep;end"
                          }
                        ],
                        "bitmap_bitmap": "kfile://org.kustom.provider/bitmaps/IMG395000d9e043dabc50375904b1bb5954"
                      },
                      {
                        "internal_type": "BitmapModule",
                        "internal_events": [
                          {
                            "action": "LAUNCH_APP",
                            "intent": "intent:#Intent;action\u003dandroid.intent.action.MAIN;category\u003dandroid.intent.category.LAUNCHER;component\u003dorg.kustom.wallpaper/org.kustom.lib.editor.WpAdvancedEditorActivity;S.org.kustom.intent.label\u003dKLWP;end"
                          }
                        ],
                        "bitmap_bitmap": "kfile://org.kustom.provider/bitmaps/IMG849070aa4b0432dce0bd3282c5a8ba39"
                      },
                      {
                        "internal_type": "BitmapModule",
                        "internal_events": [
                          {
                            "action": "LAUNCH_APP",
                            "intent": "intent:#Intent;action\u003dandroid.intent.action.MAIN;category\u003dandroid.intent.category.LAUNCHER;component\u003dcom.snapchat.android/.LandingPageActivity;S.org.kustom.intent.label\u003dSnapchat;end"
                          }
                        ],
                        "bitmap_bitmap": "kfile://org.kustom.provider/bitmaps/IMGca97f2393400179c8e7db2c839743b66"
                      }
                    ]
                  },
                  {
                    "internal_type": "StackLayerModule",
                    "config_stacking": "HORIZONTAL_CENTER",
                    "viewgroup_items": [
                      {
                        "internal_type": "BitmapModule",
                        "bitmap_bitmap": "kfile://org.kustom.provider/bitmaps/IMG328753b22ab758dbcb5ee50a8fed396c",
                        "internal_events": [
                          {
                            "action": "LAUNCH_APP",
                            "intent": "intent:#Intent;action\u003dandroid.intent.action.MAIN;category\u003dandroid.intent.category.LAUNCHER;component\u003dcom.android.contacts/com.android.dialer.DialtactsActivity;S.org.kustom.intent.label\u003dPhone;end"
                          }
                        ]
                      },
                      {
                        "internal_type": "BitmapModule",
                        "bitmap_bitmap": "kfile://org.kustom.provider/bitmaps/IMG40fdbe37a42d3ed84c9202d5be2d2034",
                        "internal_events": [
                          {
                            "action": "LAUNCH_APP",
                            "intent": "intent:#Intent;action\u003dandroid.intent.action.MAIN;category\u003dandroid.intent.category.LAUNCHER;component\u003dcom.simplecity.amp_pro/com.simplecity.amp_library.ui.activities.MainActivity;S.org.kustom.intent.label\u003dShuttle%2B;end"
                          }
                        ]
                      },
                      {
                        "internal_type": "BitmapModule",
                        "bitmap_bitmap": "kfile://org.kustom.provider/bitmaps/IMG7c131c6645ce664ebdc8498e652e033d",
                        "internal_events": [
                          {
                            "action": "LAUNCH_APP",
                            "intent": "intent:#Intent;action\u003dandroid.intent.action.MAIN;category\u003dandroid.intent.category.LAUNCHER;component\u003djp.ddo.pigsty.HabitBrowser/.Features.Browser.BrowserActivity;S.org.kustom.intent.label\u003dHabit%20Browser;end"
                          }
                        ]
                      },
                      {
                        "internal_type": "BitmapModule",
                        "bitmap_bitmap": "kfile://org.kustom.provider/bitmaps/IMG8f107c57d4b78f4c39d1028d88e584ac",
                        "internal_events": [
                          {
                            "action": "LAUNCH_SHORTCUT",
                            "intent": "intent:#Intent;action\u003dcom.teslacoilsw.launcher.ACTION;launchFlags\u003d0x10000000;component\u003dcom.teslacoilsw.launcher/.NovaShortcutHandler;S.LAUNCHER_ACTION\u003dAPP_DRAWER;S.org.kustom.intent.label\u003dNova%20Action;end"
                          }
                        ]
                      }
                    ]
                  }
                ]
              }
            ]
          }
        ]
      }
    ]
  }
}